[{"model": "admin.logentry", "pk": 1, "fields": {"action_time": "2024-05-05T18:42:18.693Z", "user": 1, "content_type": 8, "object_id": "2", "object_repr": "sakariadev@gmail.com", "action_flag": 1, "change_message": "[{\"added\": {}}]"}}, {"model": "admin.logentry", "pk": 2, "fields": {"action_time": "2024-05-05T18:44:00.782Z", "user": 1, "content_type": 16, "object_id": "45679278", "object_repr": "Main Branch", "action_flag": 1, "change_message": "[{\"added\": {}}]"}}, {"model": "admin.logentry", "pk": 3, "fields": {"action_time": "2024-05-05T18:44:19.222Z", "user": 1, "content_type": 17, "object_id": "23451234", "object_repr": "Main Branch - 23451234", "action_flag": 1, "change_message": "[{\"added\": {}}]"}}, {"model": "admin.logentry", "pk": 4, "fields": {"action_time": "2024-05-05T18:47:29.145Z", "user": 1, "content_type": 13, "object_id": "23456789", "object_repr": "Main Wallet - 5000.0", "action_flag": 1, "change_message": "[{\"added\": {}}]"}}, {"model": "admin.logentry", "pk": 5, "fields": {"action_time": "2024-05-05T18:49:12.522Z", "user": 1, "content_type": 12, "object_id": "1", "object_repr": "Food", "action_flag": 1, "change_message": "[{\"added\": {}}]"}}, {"model": "admin.logentry", "pk": 6, "fields": {"action_time": "2024-05-05T18:50:14.444Z", "user": 1, "content_type": 12, "object_id": "2", "object_repr": "Transport", "action_flag": 1, "change_message": "[{\"added\": {}}]"}}, {"model": "admin.logentry", "pk": 7, "fields": {"action_time": "2024-05-05T18:51:23.017Z", "user": 1, "content_type": 14, "object_id": "1", "object_repr": "Clothing - 1000.0", "action_flag": 1, "change_message": "[{\"added\": {}}]"}}, {"model": "admin.logentry", "pk": 8, "fields": {"action_time": "2024-05-05T18:52:28.321Z", "user": 1, "content_type": 11, "object_id": "1", "object_repr": "Yango - 50.0", "action_flag": 1, "change_message": "[{\"added\": {}}]"}}, {"model": "admin.logentry", "pk": 9, "fields": {"action_time": "2024-05-05T18:53:38.552Z", "user": 1, "content_type": 10, "object_id": "1", "object_repr": "Salary - 20000.0", "action_flag": 1, "change_message": "[{\"added\": {}}]"}}, {"model": "admin.logentry", "pk": 10, "fields": {"action_time": "2024-05-05T18:56:04.253Z", "user": 1, "content_type": 9, "object_id": "1", "object_repr": "PlannedPayment object (1)", "action_flag": 1, "change_message": "[{\"added\": {}}]"}}, {"model": "admin.logentry", "pk": 11, "fields": {"action_time": "2024-05-05T19:17:21.123Z", "user": 1, "content_type": 9, "object_id": "3", "object_repr": "Yango - 2024-05-31 - None", "action_flag": 1, "change_message": "[{\"added\": {}}]"}}, {"model": "admin.logentry", "pk": 12, "fields": {"action_time": "2024-05-05T19:29:09.581Z", "user": 1, "content_type": 15, "object_id": "1", "object_repr": "Transaction object (1)", "action_flag": 1, "change_message": "[{\"added\": {}}]"}}, {"model": "admin.logentry", "pk": 13, "fields": {"action_time": "2024-05-05T19:33:40.563Z", "user": 1, "content_type": 15, "object_id": "3", "object_repr": "Yango ", "action_flag": 1, "change_message": "[{\"added\": {}}]"}}, {"model": "admin.logentry", "pk": 14, "fields": {"action_time": "2024-05-05T21:08:46.724Z", "user": 1, "content_type": 17, "object_id": "23451234", "object_repr": "Main Branch - 23451234", "action_flag": 2, "change_message": "[{\"changed\": {\"fields\": [\"User\"]}}]"}}, {"model": "admin.logentry", "pk": 15, "fields": {"action_time": "2024-05-05T21:08:54.583Z", "user": 1, "content_type": 14, "object_id": "1", "object_repr": "Clothing - 1000.0", "action_flag": 2, "change_message": "[{\"changed\": {\"fields\": [\"User\"]}}]"}}, {"model": "admin.logentry", "pk": 16, "fields": {"action_time": "2024-05-05T21:09:01.890Z", "user": 1, "content_type": 11, "object_id": "1", "object_repr": "Yango - 50.0", "action_flag": 2, "change_message": "[{\"changed\": {\"fields\": [\"User\"]}}]"}}, {"model": "admin.logentry", "pk": 17, "fields": {"action_time": "2024-05-05T21:09:16.208Z", "user": 1, "content_type": 10, "object_id": "1", "object_repr": "Salary - 20000.0", "action_flag": 2, "change_message": "[{\"changed\": {\"fields\": [\"User\"]}}]"}}, {"model": "admin.logentry", "pk": 18, "fields": {"action_time": "2024-05-05T21:10:24.792Z", "user": 1, "content_type": 9, "object_id": "3", "object_repr": "Yango - 2024-05-31 ", "action_flag": 2, "change_message": "[{\"changed\": {\"fields\": [\"User\"]}}]"}}, {"model": "admin.logentry", "pk": 19, "fields": {"action_time": "2024-05-05T21:10:29.274Z", "user": 1, "content_type": 9, "object_id": "1", "object_repr": "Salary - 1 MONTHLY", "action_flag": 2, "change_message": "[{\"changed\": {\"fields\": [\"User\"]}}]"}}, {"model": "admin.logentry", "pk": 20, "fields": {"action_time": "2024-05-05T21:11:31.253Z", "user": 1, "content_type": 15, "object_id": "3", "object_repr": "Yango ", "action_flag": 2, "change_message": "[{\"changed\": {\"fields\": [\"User\"]}}]"}}, {"model": "admin.logentry", "pk": 21, "fields": {"action_time": "2024-05-05T21:11:36.129Z", "user": 1, "content_type": 15, "object_id": "1", "object_repr": "Salary ", "action_flag": 2, "change_message": "[{\"changed\": {\"fields\": [\"User\"]}}]"}}, {"model": "admin.logentry", "pk": 22, "fields": {"action_time": "2024-05-05T21:11:41.859Z", "user": 1, "content_type": 13, "object_id": "23456789", "object_repr": "Main Wallet - 5000.0", "action_flag": 2, "change_message": "[{\"changed\": {\"fields\": [\"User\"]}}]"}}, {"model": "admin.logentry", "pk": 23, "fields": {"action_time": "2024-05-05T22:02:37.021Z", "user": 1, "content_type": 8, "object_id": "3", "object_repr": "sakariaspam@gmail.com", "action_flag": 1, "change_message": "[{\"added\": {}}]"}}, {"model": "admin.logentry", "pk": 24, "fields": {"action_time": "2024-05-05T22:02:45.716Z", "user": 1, "content_type": 17, "object_id": "23451234", "object_repr": "Main Branch - 23451234", "action_flag": 2, "change_message": "[{\"changed\": {\"fields\": [\"User\"]}}]"}}, {"model": "admin.logentry", "pk": 25, "fields": {"action_time": "2024-05-05T22:02:52.238Z", "user": 1, "content_type": 14, "object_id": "1", "object_repr": "Clothing - 1000.0", "action_flag": 2, "change_message": "[{\"changed\": {\"fields\": [\"User\"]}}]"}}, {"model": "admin.logentry", "pk": 26, "fields": {"action_time": "2024-05-05T22:03:01.306Z", "user": 1, "content_type": 11, "object_id": "1", "object_repr": "Yango - 50.0", "action_flag": 2, "change_message": "[{\"changed\": {\"fields\": [\"User\"]}}]"}}, {"model": "admin.logentry", "pk": 27, "fields": {"action_time": "2024-05-05T22:03:12.879Z", "user": 1, "content_type": 10, "object_id": "1", "object_repr": "Salary - 20000.0", "action_flag": 2, "change_message": "[{\"changed\": {\"fields\": [\"User\"]}}]"}}, {"model": "admin.logentry", "pk": 28, "fields": {"action_time": "2024-05-05T22:03:19.003Z", "user": 1, "content_type": 9, "object_id": "3", "object_repr": "Yango - 2024-05-31 ", "action_flag": 2, "change_message": "[{\"changed\": {\"fields\": [\"User\"]}}]"}}, {"model": "admin.logentry", "pk": 29, "fields": {"action_time": "2024-05-05T22:03:23.674Z", "user": 1, "content_type": 9, "object_id": "1", "object_repr": "Salary - 1 MONTHLY", "action_flag": 2, "change_message": "[{\"changed\": {\"fields\": [\"User\"]}}]"}}, {"model": "admin.logentry", "pk": 30, "fields": {"action_time": "2024-05-05T22:03:48.530Z", "user": 1, "content_type": 15, "object_id": "3", "object_repr": "Yango ", "action_flag": 2, "change_message": "[{\"changed\": {\"fields\": [\"User\"]}}]"}}, {"model": "admin.logentry", "pk": 31, "fields": {"action_time": "2024-05-05T22:03:53.320Z", "user": 1, "content_type": 15, "object_id": "1", "object_repr": "Salary ", "action_flag": 2, "change_message": "[{\"changed\": {\"fields\": [\"User\"]}}]"}}, {"model": "admin.logentry", "pk": 32, "fields": {"action_time": "2024-05-05T22:04:00.928Z", "user": 1, "content_type": 13, "object_id": "45678908", "object_repr": "Fun Wallet - 0.0", "action_flag": 2, "change_message": "[{\"changed\": {\"fields\": [\"User\"]}}]"}}, {"model": "admin.logentry", "pk": 33, "fields": {"action_time": "2024-05-05T22:04:05.483Z", "user": 1, "content_type": 13, "object_id": "23456789", "object_repr": "Main Wallet - 5000.0", "action_flag": 2, "change_message": "[{\"changed\": {\"fields\": [\"User\"]}}]"}}, {"model": "admin.logentry", "pk": 34, "fields": {"action_time": "2024-05-05T22:04:21.851Z", "user": 1, "content_type": 8, "object_id": "2", "object_repr": "sakariadev@gmail.com", "action_flag": 3, "change_message": ""}}, {"model": "admin.logentry", "pk": 35, "fields": {"action_time": "2024-05-06T08:51:28.281Z", "user": 1, "content_type": 8, "object_id": "4", "object_repr": "sakariadev@gmail.com", "action_flag": 1, "change_message": "[{\"added\": {}}]"}}, {"model": "admin.logentry", "pk": 36, "fields": {"action_time": "2024-05-06T08:52:00.355Z", "user": 1, "content_type": 13, "object_id": "78940532", "object_repr": "Sakaria Wallet - 1000.0", "action_flag": 1, "change_message": "[{\"added\": {}}]"}}, {"model": "admin.logentry", "pk": 37, "fields": {"action_time": "2024-05-06T09:53:11.233Z", "user": 1, "content_type": 11, "object_id": "2", "object_repr": "KFC - 200.0", "action_flag": 1, "change_message": "[{\"added\": {}}]"}}, {"model": "admin.logentry", "pk": 38, "fields": {"action_time": "2024-05-06T09:54:09.673Z", "user": 1, "content_type": 15, "object_id": "4", "object_repr": "KFC ", "action_flag": 1, "change_message": "[{\"added\": {}}]"}}, {"model": "admin.logentry", "pk": 39, "fields": {"action_time": "2024-05-06T10:22:42.790Z", "user": 1, "content_type": 12, "object_id": "3", "object_repr": "Gift", "action_flag": 1, "change_message": "[{\"added\": {}}]"}}, {"model": "admin.logentry", "pk": 40, "fields": {"action_time": "2024-05-06T10:22:46.487Z", "user": 1, "content_type": 10, "object_id": "2", "object_repr": "Pocket Money - 500.0", "action_flag": 1, "change_message": "[{\"added\": {}}]"}}, {"model": "admin.logentry", "pk": 41, "fields": {"action_time": "2024-05-06T10:22:52.742Z", "user": 1, "content_type": 9, "object_id": "4", "object_repr": "Pocket Money - 2024-05-06 ", "action_flag": 1, "change_message": "[{\"added\": {}}]"}}, {"model": "admin.logentry", "pk": 42, "fields": {"action_time": "2024-05-06T11:07:31.071Z", "user": 1, "content_type": 18, "object_id": "3", "object_repr": "Gift", "action_flag": 1, "change_message": "[{\"added\": {}}]"}}, {"model": "admin.logentry", "pk": 43, "fields": {"action_time": "2024-05-06T11:50:39.790Z", "user": 1, "content_type": 12, "object_id": "4", "object_repr": "Bills", "action_flag": 1, "change_message": "[{\"added\": {}}]"}}, {"model": "admin.logentry", "pk": 44, "fields": {"action_time": "2024-05-06T11:51:03.236Z", "user": 1, "content_type": 18, "object_id": "4", "object_repr": "Bills", "action_flag": 1, "change_message": "[{\"added\": {}}]"}}, {"model": "admin.logentry", "pk": 45, "fields": {"action_time": "2024-05-12T23:48:12.163Z", "user": 1, "content_type": 13, "object_id": "20295783", "object_repr": "Another Wallet - 0.0", "action_flag": 1, "change_message": "[{\"added\": {}}]"}}, {"model": "admin.logentry", "pk": 46, "fields": {"action_time": "2024-05-13T14:04:19.362Z", "user": 1, "content_type": 13, "object_id": "78940532", "object_repr": "Dev Wallet - 2570.0", "action_flag": 2, "change_message": "[{\"changed\": {\"fields\": [\"Is default\"]}}]"}}, {"model": "admin.logentry", "pk": 47, "fields": {"action_time": "2024-05-13T14:04:24.189Z", "user": 1, "content_type": 13, "object_id": "23456789", "object_repr": "Main Wallet - 5000.0", "action_flag": 2, "change_message": "[{\"changed\": {\"fields\": [\"Is default\"]}}]"}}, {"model": "admin.logentry", "pk": 48, "fields": {"action_time": "2024-05-13T14:12:10.544Z", "user": 1, "content_type": 13, "object_id": "78940532", "object_repr": "Main Wallet - 2570.0", "action_flag": 2, "change_message": "[{\"changed\": {\"fields\": [\"Name\"]}}]"}}, {"model": "admin.logentry", "pk": 49, "fields": {"action_time": "2024-05-13T14:16:22.435Z", "user": 1, "content_type": 17, "object_id": "67536279", "object_repr": "Main Branch - 67536279", "action_flag": 1, "change_message": "[{\"added\": {}}]"}}, {"model": "admin.logentry", "pk": 50, "fields": {"action_time": "2024-05-13T14:37:57.285Z", "user": 1, "content_type": 17, "object_id": "67536279", "object_repr": "Main Branch - 67536279", "action_flag": 2, "change_message": "[{\"changed\": {\"fields\": [\"Account name\"]}}]"}}, {"model": "admin.logentry", "pk": 51, "fields": {"action_time": "2024-05-13T14:38:26.244Z", "user": 1, "content_type": 17, "object_id": "23451234", "object_repr": "Main Branch - 23451234", "action_flag": 2, "change_message": "[{\"changed\": {\"fields\": [\"Account name\"]}}]"}}, {"model": "admin.logentry", "pk": 52, "fields": {"action_time": "2024-05-14T10:30:02.042Z", "user": 1, "content_type": 15, "object_id": "5", "object_repr": "None ", "action_flag": 2, "change_message": "[{\"changed\": {\"fields\": [\"User\"]}}]"}}, {"model": "admin.logentry", "pk": 53, "fields": {"action_time": "2024-05-14T10:30:05.771Z", "user": 1, "content_type": 15, "object_id": "6", "object_repr": "None ", "action_flag": 2, "change_message": "[{\"changed\": {\"fields\": [\"User\"]}}]"}}, {"model": "admin.logentry", "pk": 54, "fields": {"action_time": "2024-05-14T12:56:03.882Z", "user": 1, "content_type": 12, "object_id": "5", "object_repr": "Miscellaneous", "action_flag": 1, "change_message": "[{\"added\": {}}]"}}, {"model": "admin.logentry", "pk": 55, "fields": {"action_time": "2024-05-14T13:30:42.760Z", "user": 1, "content_type": 11, "object_id": "4", "object_repr": "Postman - 200.0", "action_flag": 2, "change_message": "[{\"changed\": {\"fields\": [\"User\"]}}]"}}, {"model": "admin.logentry", "pk": 56, "fields": {"action_time": "2024-05-14T13:43:51.032Z", "user": 1, "content_type": 11, "object_id": "9", "object_repr": "Postman Once More - 200.0", "action_flag": 2, "change_message": "[{\"changed\": {\"fields\": [\"User\"]}}]"}}, {"model": "admin.logentry", "pk": 57, "fields": {"action_time": "2024-05-14T16:25:54.757Z", "user": 1, "content_type": 13, "object_id": "14278734", "object_repr": "My Wallet - 0.0", "action_flag": 2, "change_message": "[{\"changed\": {\"fields\": [\"Name\", \"User\"]}}]"}}, {"model": "admin.logentry", "pk": 58, "fields": {"action_time": "2024-05-15T11:50:20.391Z", "user": 1, "content_type": 12, "object_id": "6", "object_repr": "Entertainment", "action_flag": 1, "change_message": "[{\"added\": {}}]"}}, {"model": "admin.logentry", "pk": 59, "fields": {"action_time": "2024-05-15T11:50:58.984Z", "user": 1, "content_type": 12, "object_id": "7", "object_repr": "Groceries", "action_flag": 1, "change_message": "[{\"added\": {}}]"}}, {"model": "admin.logentry", "pk": 60, "fields": {"action_time": "2024-05-15T11:52:40.596Z", "user": 1, "content_type": 12, "object_id": "1", "object_repr": "Food and Drinks", "action_flag": 2, "change_message": "[{\"changed\": {\"fields\": [\"Name\"]}}]"}}, {"model": "admin.logentry", "pk": 61, "fields": {"action_time": "2024-05-15T11:52:54.757Z", "user": 1, "content_type": 12, "object_id": "4", "object_repr": "Bills and Subscriptions", "action_flag": 2, "change_message": "[{\"changed\": {\"fields\": [\"Name\"]}}]"}}, {"model": "admin.logentry", "pk": 62, "fields": {"action_time": "2024-05-16T01:10:56.331Z", "user": 1, "content_type": 15, "object_id": "12", "object_repr": "None ", "action_flag": 3, "change_message": ""}}, {"model": "admin.logentry", "pk": 63, "fields": {"action_time": "2024-05-18T19:11:40.324Z", "user": 1, "content_type": 19, "object_id": "1", "object_repr": "Statistic object (1)", "action_flag": 1, "change_message": "[{\"added\": {}}]"}}, {"model": "admin.logentry", "pk": 64, "fields": {"action_time": "2024-05-18T19:57:05.366Z", "user": 1, "content_type": 19, "object_id": "2", "object_repr": "Statistic object (2)", "action_flag": 1, "change_message": "[{\"added\": {}}]"}}, {"model": "admin.logentry", "pk": 65, "fields": {"action_time": "2024-05-18T19:57:34.083Z", "user": 1, "content_type": 19, "object_id": "3", "object_repr": "Statistic object (3)", "action_flag": 1, "change_message": "[{\"added\": {}}]"}}, {"model": "admin.logentry", "pk": 66, "fields": {"action_time": "2024-05-18T19:57:41.257Z", "user": 1, "content_type": 19, "object_id": "2", "object_repr": "Statistic object (2)", "action_flag": 2, "change_message": "[{\"changed\": {\"fields\": [\"Month\"]}}]"}}, {"model": "admin.logentry", "pk": 67, "fields": {"action_time": "2024-05-18T20:03:35.208Z", "user": 1, "content_type": 19, "object_id": "4", "object_repr": "Statistic object (4)", "action_flag": 1, "change_message": "[{\"added\": {}}]"}}, {"model": "admin.logentry", "pk": 68, "fields": {"action_time": "2024-05-18T20:03:55.847Z", "user": 1, "content_type": 19, "object_id": "5", "object_repr": "Statistic object (5)", "action_flag": 1, "change_message": "[{\"added\": {}}]"}}, {"model": "admin.logentry", "pk": 69, "fields": {"action_time": "2024-05-18T20:05:00.240Z", "user": 1, "content_type": 19, "object_id": "1", "object_repr": "Statistic object (1)", "action_flag": 2, "change_message": "[{\"changed\": {\"fields\": [\"Day\", \"Week\", \"Month\", \"Year\"]}}]"}}, {"model": "admin.logentry", "pk": 70, "fields": {"action_time": "2024-05-18T20:05:52.174Z", "user": 1, "content_type": 19, "object_id": "6", "object_repr": "Statistic object (6)", "action_flag": 1, "change_message": "[{\"added\": {}}]"}}, {"model": "admin.logentry", "pk": 71, "fields": {"action_time": "2024-05-18T20:06:20.089Z", "user": 1, "content_type": 19, "object_id": "7", "object_repr": "Statistic object (7)", "action_flag": 1, "change_message": "[{\"added\": {}}]"}}, {"model": "admin.logentry", "pk": 72, "fields": {"action_time": "2024-05-18T20:07:09.263Z", "user": 1, "content_type": 19, "object_id": "3", "object_repr": "Statistic object (3)", "action_flag": 2, "change_message": "[{\"changed\": {\"fields\": [\"Amount\"]}}]"}}, {"model": "admin.logentry", "pk": 73, "fields": {"action_time": "2024-05-18T20:07:16.361Z", "user": 1, "content_type": 19, "object_id": "4", "object_repr": "Statistic object (4)", "action_flag": 2, "change_message": "[{\"changed\": {\"fields\": [\"Amount\"]}}]"}}, {"model": "admin.logentry", "pk": 74, "fields": {"action_time": "2024-05-18T20:07:36.745Z", "user": 1, "content_type": 19, "object_id": "6", "object_repr": "Statistic object (6)", "action_flag": 2, "change_message": "[{\"changed\": {\"fields\": [\"Amount\"]}}]"}}, {"model": "admin.logentry", "pk": 75, "fields": {"action_time": "2024-05-18T22:15:43.276Z", "user": 1, "content_type": 15, "object_id": "11", "object_repr": "None ", "action_flag": 3, "change_message": ""}}, {"model": "admin.logentry", "pk": 76, "fields": {"action_time": "2024-05-18T22:15:47.204Z", "user": 1, "content_type": 15, "object_id": "10", "object_repr": "None ", "action_flag": 3, "change_message": ""}}, {"model": "admin.logentry", "pk": 77, "fields": {"action_time": "2024-05-18T23:17:38.465Z", "user": 1, "content_type": 11, "object_id": "15", "object_repr": "Chicken - 100.0", "action_flag": 2, "change_message": "[{\"changed\": {\"fields\": [\"Description\"]}}]"}}, {"model": "admin.logentry", "pk": 78, "fields": {"action_time": "2024-05-19T09:22:50.344Z", "user": 1, "content_type": 14, "object_id": "1", "object_repr": "Transport - 1000.0", "action_flag": 2, "change_message": "[{\"changed\": {\"fields\": [\"Categories\", \"User\"]}}]"}}, {"model": "admin.logentry", "pk": 79, "fields": {"action_time": "2024-05-19T10:06:01.246Z", "user": 1, "content_type": 14, "object_id": "1", "object_repr": "Transport - 1050.0", "action_flag": 2, "change_message": "[{\"changed\": {\"fields\": [\"Total amount\"]}}]"}}, {"model": "admin.logentry", "pk": 80, "fields": {"action_time": "2024-05-19T10:17:50.158Z", "user": 1, "content_type": 12, "object_id": "2", "object_repr": "Transport", "action_flag": 2, "change_message": "[{\"changed\": {\"fields\": [\"Icon name\"]}}]"}}, {"model": "admin.logentry", "pk": 81, "fields": {"action_time": "2024-05-19T10:17:52.362Z", "user": 1, "content_type": 14, "object_id": "1", "object_repr": "Transport - 1050.0", "action_flag": 2, "change_message": "[]"}}, {"model": "admin.logentry", "pk": 82, "fields": {"action_time": "2024-05-19T12:21:50.502Z", "user": 1, "content_type": 14, "object_id": "5", "object_repr": "Gaming - 90.0", "action_flag": 3, "change_message": ""}}, {"model": "admin.logentry", "pk": 83, "fields": {"action_time": "2024-05-19T12:21:54.117Z", "user": 1, "content_type": 14, "object_id": "6", "object_repr": "Gaming - 90.0", "action_flag": 3, "change_message": ""}}, {"model": "admin.logentry", "pk": 84, "fields": {"action_time": "2024-05-19T12:21:57.518Z", "user": 1, "content_type": 14, "object_id": "7", "object_repr": "Gaming - 90.0", "action_flag": 3, "change_message": ""}}, {"model": "admin.logentry", "pk": 85, "fields": {"action_time": "2024-05-19T15:24:32.913Z", "user": 1, "content_type": 14, "object_id": "8", "object_repr": "Gaming - 250.0", "action_flag": 2, "change_message": "[{\"changed\": {\"fields\": [\"Month\", \"Year\"]}}]"}}, {"model": "admin.logentry", "pk": 86, "fields": {"action_time": "2024-05-19T15:24:41.233Z", "user": 1, "content_type": 14, "object_id": "1", "object_repr": "Car Payment - 1050.0", "action_flag": 2, "change_message": "[{\"changed\": {\"fields\": [\"Month\", \"Year\"]}}]"}}, {"model": "admin.logentry", "pk": 87, "fields": {"action_time": "2024-05-19T15:28:23.231Z", "user": 1, "content_type": 14, "object_id": "10", "object_repr": "Another Budget - 500.0", "action_flag": 3, "change_message": ""}}, {"model": "admin.logentry", "pk": 88, "fields": {"action_time": "2024-05-19T17:29:49.839Z", "user": 1, "content_type": 19, "object_id": "1", "object_repr": "Statistic object (1)", "action_flag": 2, "change_message": "[{\"changed\": {\"fields\": [\"Week\"]}}]"}}, {"model": "admin.logentry", "pk": 89, "fields": {"action_time": "2024-05-19T17:29:54.441Z", "user": 1, "content_type": 19, "object_id": "2", "object_repr": "Statistic object (2)", "action_flag": 2, "change_message": "[{\"changed\": {\"fields\": [\"Week\"]}}]"}}, {"model": "admin.logentry", "pk": 90, "fields": {"action_time": "2024-05-19T17:29:58.266Z", "user": 1, "content_type": 19, "object_id": "3", "object_repr": "Statistic object (3)", "action_flag": 2, "change_message": "[{\"changed\": {\"fields\": [\"Week\"]}}]"}}, {"model": "admin.logentry", "pk": 91, "fields": {"action_time": "2024-05-19T17:30:02.130Z", "user": 1, "content_type": 19, "object_id": "4", "object_repr": "Statistic object (4)", "action_flag": 2, "change_message": "[{\"changed\": {\"fields\": [\"Week\"]}}]"}}, {"model": "admin.logentry", "pk": 92, "fields": {"action_time": "2024-05-19T17:30:04.930Z", "user": 1, "content_type": 19, "object_id": "4", "object_repr": "Statistic object (4)", "action_flag": 2, "change_message": "[]"}}, {"model": "admin.logentry", "pk": 93, "fields": {"action_time": "2024-05-19T17:30:08.896Z", "user": 1, "content_type": 19, "object_id": "5", "object_repr": "Statistic object (5)", "action_flag": 2, "change_message": "[{\"changed\": {\"fields\": [\"Week\"]}}]"}}, {"model": "admin.logentry", "pk": 94, "fields": {"action_time": "2024-05-19T17:30:12.537Z", "user": 1, "content_type": 19, "object_id": "6", "object_repr": "Statistic object (6)", "action_flag": 2, "change_message": "[{\"changed\": {\"fields\": [\"Week\"]}}]"}}, {"model": "admin.logentry", "pk": 95, "fields": {"action_time": "2024-05-19T17:30:17.049Z", "user": 1, "content_type": 19, "object_id": "7", "object_repr": "Statistic object (7)", "action_flag": 2, "change_message": "[{\"changed\": {\"fields\": [\"Week\"]}}]"}}, {"model": "admin.logentry", "pk": 96, "fields": {"action_time": "2024-05-19T17:33:36.336Z", "user": 1, "content_type": 19, "object_id": "7", "object_repr": "Statistic object (7)", "action_flag": 2, "change_message": "[{\"changed\": {\"fields\": [\"Month\"]}}]"}}, {"model": "admin.logentry", "pk": 97, "fields": {"action_time": "2024-05-19T17:33:40.393Z", "user": 1, "content_type": 19, "object_id": "6", "object_repr": "Statistic object (6)", "action_flag": 2, "change_message": "[{\"changed\": {\"fields\": [\"Month\"]}}]"}}, {"model": "admin.logentry", "pk": 98, "fields": {"action_time": "2024-05-19T17:33:44.950Z", "user": 1, "content_type": 19, "object_id": "5", "object_repr": "Statistic object (5)", "action_flag": 2, "change_message": "[{\"changed\": {\"fields\": [\"Month\"]}}]"}}, {"model": "admin.logentry", "pk": 99, "fields": {"action_time": "2024-05-19T17:33:48.521Z", "user": 1, "content_type": 19, "object_id": "4", "object_repr": "Statistic object (4)", "action_flag": 2, "change_message": "[{\"changed\": {\"fields\": [\"Month\"]}}]"}}, {"model": "admin.logentry", "pk": 100, "fields": {"action_time": "2024-05-19T17:33:57.267Z", "user": 1, "content_type": 19, "object_id": "3", "object_repr": "Statistic object (3)", "action_flag": 2, "change_message": "[{\"changed\": {\"fields\": [\"Month\"]}}]"}}, {"model": "admin.logentry", "pk": 101, "fields": {"action_time": "2024-05-19T17:34:01.224Z", "user": 1, "content_type": 19, "object_id": "2", "object_repr": "Statistic object (2)", "action_flag": 2, "change_message": "[{\"changed\": {\"fields\": [\"Month\"]}}]"}}, {"model": "admin.logentry", "pk": 102, "fields": {"action_time": "2024-05-19T17:34:03.545Z", "user": 1, "content_type": 19, "object_id": "2", "object_repr": "Statistic object (2)", "action_flag": 2, "change_message": "[]"}}, {"model": "admin.logentry", "pk": 103, "fields": {"action_time": "2024-05-19T17:34:08.839Z", "user": 1, "content_type": 19, "object_id": "1", "object_repr": "Statistic object (1)", "action_flag": 2, "change_message": "[{\"changed\": {\"fields\": [\"Month\"]}}]"}}, {"model": "admin.logentry", "pk": 104, "fields": {"action_time": "2024-05-19T17:39:32.678Z", "user": 1, "content_type": 19, "object_id": "8", "object_repr": "Statistic object (8)", "action_flag": 1, "change_message": "[{\"added\": {}}]"}}, {"model": "admin.logentry", "pk": 105, "fields": {"action_time": "2024-05-19T17:39:49.094Z", "user": 1, "content_type": 19, "object_id": "9", "object_repr": "Statistic object (9)", "action_flag": 1, "change_message": "[{\"added\": {}}]"}}, {"model": "admin.logentry", "pk": 106, "fields": {"action_time": "2024-05-19T17:42:41.810Z", "user": 1, "content_type": 19, "object_id": "10", "object_repr": "Statistic object (10)", "action_flag": 1, "change_message": "[{\"added\": {}}]"}}, {"model": "admin.logentry", "pk": 107, "fields": {"action_time": "2024-05-20T11:22:26.680Z", "user": 1, "content_type": 19, "object_id": "11", "object_repr": "Statistic object (11)", "action_flag": 1, "change_message": "[{\"added\": {}}]"}}, {"model": "admin.logentry", "pk": 108, "fields": {"action_time": "2024-05-20T11:23:17.035Z", "user": 1, "content_type": 19, "object_id": "11", "object_repr": "Statistic object (11)", "action_flag": 2, "change_message": "[]"}}, {"model": "admin.logentry", "pk": 109, "fields": {"action_time": "2024-05-20T11:23:38.482Z", "user": 1, "content_type": 19, "object_id": "12", "object_repr": "Statistic object (12)", "action_flag": 1, "change_message": "[{\"added\": {}}]"}}, {"model": "admin.logentry", "pk": 110, "fields": {"action_time": "2024-05-20T11:24:09.568Z", "user": 1, "content_type": 19, "object_id": "13", "object_repr": "Statistic object (13)", "action_flag": 1, "change_message": "[{\"added\": {}}]"}}, {"model": "admin.logentry", "pk": 111, "fields": {"action_time": "2024-05-20T11:37:53.294Z", "user": 1, "content_type": 19, "object_id": "14", "object_repr": "Statistic object (14)", "action_flag": 1, "change_message": "[{\"added\": {}}]"}}, {"model": "admin.logentry", "pk": 112, "fields": {"action_time": "2024-05-20T13:11:53.004Z", "user": 1, "content_type": 19, "object_id": "15", "object_repr": "Statistic object (15)", "action_flag": 1, "change_message": "[{\"added\": {}}]"}}, {"model": "admin.logentry", "pk": 113, "fields": {"action_time": "2024-05-20T13:15:57.331Z", "user": 1, "content_type": 19, "object_id": "16", "object_repr": "Statistic object (16)", "action_flag": 1, "change_message": "[{\"added\": {}}]"}}, {"model": "admin.logentry", "pk": 114, "fields": {"action_time": "2024-05-20T13:16:16.694Z", "user": 1, "content_type": 19, "object_id": "17", "object_repr": "Statistic object (17)", "action_flag": 1, "change_message": "[{\"added\": {}}]"}}, {"model": "admin.logentry", "pk": 115, "fields": {"action_time": "2024-05-20T13:16:31.503Z", "user": 1, "content_type": 19, "object_id": "18", "object_repr": "Statistic object (18)", "action_flag": 1, "change_message": "[{\"added\": {}}]"}}, {"model": "admin.logentry", "pk": 116, "fields": {"action_time": "2024-05-20T13:17:44.959Z", "user": 1, "content_type": 19, "object_id": "19", "object_repr": "Statistic object (19)", "action_flag": 1, "change_message": "[{\"added\": {}}]"}}, {"model": "admin.logentry", "pk": 117, "fields": {"action_time": "2024-05-20T13:18:01.704Z", "user": 1, "content_type": 19, "object_id": "20", "object_repr": "Statistic object (20)", "action_flag": 1, "change_message": "[{\"added\": {}}]"}}, {"model": "admin.logentry", "pk": 118, "fields": {"action_time": "2024-05-20T18:00:27.000Z", "user": 1, "content_type": 19, "object_id": "15", "object_repr": "3 - 4 - 2024", "action_flag": 2, "change_message": "[{\"changed\": {\"fields\": [\"Year\"]}}]"}}, {"model": "admin.logentry", "pk": 119, "fields": {"action_time": "2024-05-21T12:20:06.419Z", "user": 1, "content_type": 9, "object_id": "5", "object_repr": "Spotify - 1 MONTH", "action_flag": 1, "change_message": "[{\"added\": {}}]"}}, {"model": "admin.logentry", "pk": 120, "fields": {"action_time": "2024-05-21T12:29:56.095Z", "user": 1, "content_type": 9, "object_id": "6", "object_repr": "Salary - 1 MONTH", "action_flag": 1, "change_message": "[{\"added\": {}}]"}}, {"model": "admin.logentry", "pk": 121, "fields": {"action_time": "2024-05-21T18:39:59.228Z", "user": 1, "content_type": 9, "object_id": "7", "object_repr": "Bill - 2024-05-31 18:39:51+00:00 ", "action_flag": 1, "change_message": "[{\"added\": {}}]"}}, {"model": "admin.logentry", "pk": 122, "fields": {"action_time": "2024-05-21T19:14:12.417Z", "user": 1, "content_type": 9, "object_id": "8", "object_repr": "Test Payment - 1 MONTH", "action_flag": 1, "change_message": "[{\"added\": {}}]"}}, {"model": "admin.logentry", "pk": 123, "fields": {"action_time": "2024-05-21T20:29:13.339Z", "user": 1, "content_type": 19, "object_id": "21", "object_repr": "21 - 4 - 2024", "action_flag": 1, "change_message": "[{\"added\": {}}]"}}, {"model": "admin.logentry", "pk": 124, "fields": {"action_time": "2024-05-21T20:30:23.333Z", "user": 1, "content_type": 19, "object_id": "22", "object_repr": "21 - 4 - 2024", "action_flag": 1, "change_message": "[{\"added\": {}}]"}}, {"model": "admin.logentry", "pk": 125, "fields": {"action_time": "2024-05-21T20:30:56.572Z", "user": 1, "content_type": 19, "object_id": "23", "object_repr": "21 - 4 - 2024", "action_flag": 1, "change_message": "[{\"added\": {}}]"}}, {"model": "admin.logentry", "pk": 126, "fields": {"action_time": "2024-05-21T20:31:02.101Z", "user": 1, "content_type": 19, "object_id": "20", "object_repr": "21 - 4 - 2024", "action_flag": 2, "change_message": "[{\"changed\": {\"fields\": [\"Day\"]}}]"}}, {"model": "admin.logentry", "pk": 127, "fields": {"action_time": "2024-05-21T20:31:10.636Z", "user": 1, "content_type": 19, "object_id": "19", "object_repr": "21 - 4 - 2024", "action_flag": 2, "change_message": "[{\"changed\": {\"fields\": [\"Day\"]}}]"}}, {"model": "admin.logentry", "pk": 128, "fields": {"action_time": "2024-05-21T20:34:13.140Z", "user": 1, "content_type": 19, "object_id": "18", "object_repr": "19 - 4 - 2024", "action_flag": 2, "change_message": "[{\"changed\": {\"fields\": [\"Day\"]}}]"}}, {"model": "admin.logentry", "pk": 129, "fields": {"action_time": "2024-05-21T20:34:22.524Z", "user": 1, "content_type": 19, "object_id": "17", "object_repr": "18 - 4 - 2024", "action_flag": 2, "change_message": "[{\"changed\": {\"fields\": [\"Day\", \"Week\"]}}]"}}, {"model": "admin.logentry", "pk": 130, "fields": {"action_time": "2024-05-21T20:34:31.644Z", "user": 1, "content_type": 19, "object_id": "16", "object_repr": "5 - 5 - 2024", "action_flag": 2, "change_message": "[{\"changed\": {\"fields\": [\"Day\", \"Month\"]}}]"}}, {"model": "admin.logentry", "pk": 131, "fields": {"action_time": "2024-05-21T20:49:52.877Z", "user": 1, "content_type": 11, "object_id": "19", "object_repr": "Bill - 200.0", "action_flag": 3, "change_message": ""}}, {"model": "admin.logentry", "pk": 132, "fields": {"action_time": "2024-05-21T20:49:56.989Z", "user": 1, "content_type": 11, "object_id": "18", "object_repr": "Bill - 200.0", "action_flag": 3, "change_message": ""}}, {"model": "admin.logentry", "pk": 133, "fields": {"action_time": "2024-05-21T20:50:00.214Z", "user": 1, "content_type": 11, "object_id": "17", "object_repr": "Bill - 200.0", "action_flag": 3, "change_message": ""}}, {"model": "admin.logentry", "pk": 134, "fields": {"action_time": "2024-05-22T01:13:02.799Z", "user": 1, "content_type": 11, "object_id": "22", "object_repr": "Lunch - 30.0", "action_flag": 1, "change_message": "[{\"added\": {}}]"}}, {"model": "admin.logentry", "pk": 135, "fields": {"action_time": "2024-05-22T01:13:42.104Z", "user": 1, "content_type": 15, "object_id": "26", "object_repr": "Lunch - 30.0 ", "action_flag": 1, "change_message": "[{\"added\": {}}]"}}, {"model": "admin.logentry", "pk": 136, "fields": {"action_time": "2024-05-22T02:37:18.301Z", "user": 1, "content_type": 9, "object_id": "10", "object_repr": "Refund - 2024-05-22 01:59:49+00:00 ", "action_flag": 2, "change_message": "[{\"changed\": {\"fields\": [\"User\"]}}]"}}, {"model": "admin.logentry", "pk": 137, "fields": {"action_time": "2024-05-22T08:29:47.300Z", "user": 1, "content_type": 14, "object_id": "8", "object_repr": "General Entertainment - 1000.0", "action_flag": 2, "change_message": "[{\"changed\": {\"fields\": [\"Total amount\"]}}]"}}, {"model": "admin.logentry", "pk": 138, "fields": {"action_time": "2024-05-22T12:49:12.263Z", "user": 1, "content_type": 14, "object_id": "14", "object_repr": "Bills and The Like - 5000.0", "action_flag": 2, "change_message": "[{\"changed\": {\"fields\": [\"Name\", \"Total amount\"]}}]"}}, {"model": "admin.logentry", "pk": 139, "fields": {"action_time": "2024-05-23T22:51:56.810Z", "user": 1, "content_type": 13, "object_id": "36670482", "object_repr": "Empty Wallet - 0.0", "action_flag": 2, "change_message": "[{\"changed\": {\"fields\": [\"User\"]}}]"}}, {"model": "admin.logentry", "pk": 140, "fields": {"action_time": "2024-05-23T23:40:58.585Z", "user": 1, "content_type": 8, "object_id": "5", "object_repr": "dev@email.com", "action_flag": 1, "change_message": "[{\"added\": {}}]"}}, {"model": "auth.permission", "pk": 1, "fields": {"name": "Can add log entry", "content_type": 1, "codename": "add_logentry"}}, {"model": "auth.permission", "pk": 2, "fields": {"name": "Can change log entry", "content_type": 1, "codename": "change_logentry"}}, {"model": "auth.permission", "pk": 3, "fields": {"name": "Can delete log entry", "content_type": 1, "codename": "delete_logentry"}}, {"model": "auth.permission", "pk": 4, "fields": {"name": "Can view log entry", "content_type": 1, "codename": "view_logentry"}}, {"model": "auth.permission", "pk": 5, "fields": {"name": "Can add permission", "content_type": 2, "codename": "add_permission"}}, {"model": "auth.permission", "pk": 6, "fields": {"name": "Can change permission", "content_type": 2, "codename": "change_permission"}}, {"model": "auth.permission", "pk": 7, "fields": {"name": "Can delete permission", "content_type": 2, "codename": "delete_permission"}}, {"model": "auth.permission", "pk": 8, "fields": {"name": "Can view permission", "content_type": 2, "codename": "view_permission"}}, {"model": "auth.permission", "pk": 9, "fields": {"name": "Can add group", "content_type": 3, "codename": "add_group"}}, {"model": "auth.permission", "pk": 10, "fields": {"name": "Can change group", "content_type": 3, "codename": "change_group"}}, {"model": "auth.permission", "pk": 11, "fields": {"name": "Can delete group", "content_type": 3, "codename": "delete_group"}}, {"model": "auth.permission", "pk": 12, "fields": {"name": "Can view group", "content_type": 3, "codename": "view_group"}}, {"model": "auth.permission", "pk": 13, "fields": {"name": "Can add content type", "content_type": 4, "codename": "add_contenttype"}}, {"model": "auth.permission", "pk": 14, "fields": {"name": "Can change content type", "content_type": 4, "codename": "change_contenttype"}}, {"model": "auth.permission", "pk": 15, "fields": {"name": "Can delete content type", "content_type": 4, "codename": "delete_contenttype"}}, {"model": "auth.permission", "pk": 16, "fields": {"name": "Can view content type", "content_type": 4, "codename": "view_contenttype"}}, {"model": "auth.permission", "pk": 17, "fields": {"name": "Can add session", "content_type": 5, "codename": "add_session"}}, {"model": "auth.permission", "pk": 18, "fields": {"name": "Can change session", "content_type": 5, "codename": "change_session"}}, {"model": "auth.permission", "pk": 19, "fields": {"name": "Can delete session", "content_type": 5, "codename": "delete_session"}}, {"model": "auth.permission", "pk": 20, "fields": {"name": "Can view session", "content_type": 5, "codename": "view_session"}}, {"model": "auth.permission", "pk": 21, "fields": {"name": "Can add blacklisted token", "content_type": 6, "codename": "add_blacklistedtoken"}}, {"model": "auth.permission", "pk": 22, "fields": {"name": "Can change blacklisted token", "content_type": 6, "codename": "change_blacklistedtoken"}}, {"model": "auth.permission", "pk": 23, "fields": {"name": "Can delete blacklisted token", "content_type": 6, "codename": "delete_blacklistedtoken"}}, {"model": "auth.permission", "pk": 24, "fields": {"name": "Can view blacklisted token", "content_type": 6, "codename": "view_blacklistedtoken"}}, {"model": "auth.permission", "pk": 25, "fields": {"name": "Can add outstanding token", "content_type": 7, "codename": "add_outstandingtoken"}}, {"model": "auth.permission", "pk": 26, "fields": {"name": "Can change outstanding token", "content_type": 7, "codename": "change_outstandingtoken"}}, {"model": "auth.permission", "pk": 27, "fields": {"name": "Can delete outstanding token", "content_type": 7, "codename": "delete_outstandingtoken"}}, {"model": "auth.permission", "pk": 28, "fields": {"name": "Can view outstanding token", "content_type": 7, "codename": "view_outstandingtoken"}}, {"model": "auth.permission", "pk": 29, "fields": {"name": "Can add user", "content_type": 8, "codename": "add_user"}}, {"model": "auth.permission", "pk": 30, "fields": {"name": "Can change user", "content_type": 8, "codename": "change_user"}}, {"model": "auth.permission", "pk": 31, "fields": {"name": "Can delete user", "content_type": 8, "codename": "delete_user"}}, {"model": "auth.permission", "pk": 32, "fields": {"name": "Can view user", "content_type": 8, "codename": "view_user"}}, {"model": "auth.permission", "pk": 33, "fields": {"name": "Can add planned payment", "content_type": 9, "codename": "add_plannedpayment"}}, {"model": "auth.permission", "pk": 34, "fields": {"name": "Can change planned payment", "content_type": 9, "codename": "change_plannedpayment"}}, {"model": "auth.permission", "pk": 35, "fields": {"name": "Can delete planned payment", "content_type": 9, "codename": "delete_plannedpayment"}}, {"model": "auth.permission", "pk": 36, "fields": {"name": "Can view planned payment", "content_type": 9, "codename": "view_plannedpayment"}}, {"model": "auth.permission", "pk": 37, "fields": {"name": "Can add income", "content_type": 10, "codename": "add_income"}}, {"model": "auth.permission", "pk": 38, "fields": {"name": "Can change income", "content_type": 10, "codename": "change_income"}}, {"model": "auth.permission", "pk": 39, "fields": {"name": "Can delete income", "content_type": 10, "codename": "delete_income"}}, {"model": "auth.permission", "pk": 40, "fields": {"name": "Can view income", "content_type": 10, "codename": "view_income"}}, {"model": "auth.permission", "pk": 41, "fields": {"name": "Can add expense", "content_type": 11, "codename": "add_expense"}}, {"model": "auth.permission", "pk": 42, "fields": {"name": "Can change expense", "content_type": 11, "codename": "change_expense"}}, {"model": "auth.permission", "pk": 43, "fields": {"name": "Can delete expense", "content_type": 11, "codename": "delete_expense"}}, {"model": "auth.permission", "pk": 44, "fields": {"name": "Can view expense", "content_type": 11, "codename": "view_expense"}}, {"model": "auth.permission", "pk": 45, "fields": {"name": "Can add category", "content_type": 12, "codename": "add_category"}}, {"model": "auth.permission", "pk": 46, "fields": {"name": "Can change category", "content_type": 12, "codename": "change_category"}}, {"model": "auth.permission", "pk": 47, "fields": {"name": "Can delete category", "content_type": 12, "codename": "delete_category"}}, {"model": "auth.permission", "pk": 48, "fields": {"name": "Can view category", "content_type": 12, "codename": "view_category"}}, {"model": "auth.permission", "pk": 49, "fields": {"name": "Can add wallet", "content_type": 13, "codename": "add_wallet"}}, {"model": "auth.permission", "pk": 50, "fields": {"name": "Can change wallet", "content_type": 13, "codename": "change_wallet"}}, {"model": "auth.permission", "pk": 51, "fields": {"name": "Can delete wallet", "content_type": 13, "codename": "delete_wallet"}}, {"model": "auth.permission", "pk": 52, "fields": {"name": "Can view wallet", "content_type": 13, "codename": "view_wallet"}}, {"model": "auth.permission", "pk": 53, "fields": {"name": "Can add budget", "content_type": 14, "codename": "add_budget"}}, {"model": "auth.permission", "pk": 54, "fields": {"name": "Can change budget", "content_type": 14, "codename": "change_budget"}}, {"model": "auth.permission", "pk": 55, "fields": {"name": "Can delete budget", "content_type": 14, "codename": "delete_budget"}}, {"model": "auth.permission", "pk": 56, "fields": {"name": "Can view budget", "content_type": 14, "codename": "view_budget"}}, {"model": "auth.permission", "pk": 57, "fields": {"name": "Can add transaction", "content_type": 15, "codename": "add_transaction"}}, {"model": "auth.permission", "pk": 58, "fields": {"name": "Can change transaction", "content_type": 15, "codename": "change_transaction"}}, {"model": "auth.permission", "pk": 59, "fields": {"name": "Can delete transaction", "content_type": 15, "codename": "delete_transaction"}}, {"model": "auth.permission", "pk": 60, "fields": {"name": "Can view transaction", "content_type": 15, "codename": "view_transaction"}}, {"model": "auth.permission", "pk": 61, "fields": {"name": "Can add branch", "content_type": 16, "codename": "add_branch"}}, {"model": "auth.permission", "pk": 62, "fields": {"name": "Can change branch", "content_type": 16, "codename": "change_branch"}}, {"model": "auth.permission", "pk": 63, "fields": {"name": "Can delete branch", "content_type": 16, "codename": "delete_branch"}}, {"model": "auth.permission", "pk": 64, "fields": {"name": "Can view branch", "content_type": 16, "codename": "view_branch"}}, {"model": "auth.permission", "pk": 65, "fields": {"name": "Can add bank account", "content_type": 17, "codename": "add_bankaccount"}}, {"model": "auth.permission", "pk": 66, "fields": {"name": "Can change bank account", "content_type": 17, "codename": "change_bankaccount"}}, {"model": "auth.permission", "pk": 67, "fields": {"name": "Can delete bank account", "content_type": 17, "codename": "delete_bankaccount"}}, {"model": "auth.permission", "pk": 68, "fields": {"name": "Can view bank account", "content_type": 17, "codename": "view_bankaccount"}}, {"model": "auth.permission", "pk": 69, "fields": {"name": "Can add user define category", "content_type": 18, "codename": "add_userdefinecategory"}}, {"model": "auth.permission", "pk": 70, "fields": {"name": "Can change user define category", "content_type": 18, "codename": "change_userdefinecategory"}}, {"model": "auth.permission", "pk": 71, "fields": {"name": "Can delete user define category", "content_type": 18, "codename": "delete_userdefinecategory"}}, {"model": "auth.permission", "pk": 72, "fields": {"name": "Can view user define category", "content_type": 18, "codename": "view_userdefinecategory"}}, {"model": "auth.permission", "pk": 73, "fields": {"name": "Can add statistic", "content_type": 19, "codename": "add_statistic"}}, {"model": "auth.permission", "pk": 74, "fields": {"name": "Can change statistic", "content_type": 19, "codename": "change_statistic"}}, {"model": "auth.permission", "pk": 75, "fields": {"name": "Can delete statistic", "content_type": 19, "codename": "delete_statistic"}}, {"model": "auth.permission", "pk": 76, "fields": {"name": "Can view statistic", "content_type": 19, "codename": "view_statistic"}}, {"model": "contenttypes.contenttype", "pk": 1, "fields": {"app_label": "admin", "model": "logentry"}}, {"model": "contenttypes.contenttype", "pk": 2, "fields": {"app_label": "auth", "model": "permission"}}, {"model": "contenttypes.contenttype", "pk": 3, "fields": {"app_label": "auth", "model": "group"}}, {"model": "contenttypes.contenttype", "pk": 4, "fields": {"app_label": "contenttypes", "model": "contenttype"}}, {"model": "contenttypes.contenttype", "pk": 5, "fields": {"app_label": "sessions", "model": "session"}}, {"model": "contenttypes.contenttype", "pk": 6, "fields": {"app_label": "token_blacklist", "model": "blacklistedtoken"}}, {"model": "contenttypes.contenttype", "pk": 7, "fields": {"app_label": "token_blacklist", "model": "outstandingtoken"}}, {"model": "contenttypes.contenttype", "pk": 8, "fields": {"app_label": "authentication", "model": "user"}}, {"model": "contenttypes.contenttype", "pk": 9, "fields": {"app_label": "plannedpayments", "model": "plannedpayment"}}, {"model": "contenttypes.contenttype", "pk": 10, "fields": {"app_label": "income", "model": "income"}}, {"model": "contenttypes.contenttype", "pk": 11, "fields": {"app_label": "expense", "model": "expense"}}, {"model": "contenttypes.contenttype", "pk": 12, "fields": {"app_label": "category", "model": "category"}}, {"model": "contenttypes.contenttype", "pk": 13, "fields": {"app_label": "wallet", "model": "wallet"}}, {"model": "contenttypes.contenttype", "pk": 14, "fields": {"app_label": "budget", "model": "budget"}}, {"model": "contenttypes.contenttype", "pk": 15, "fields": {"app_label": "transaction", "model": "transaction"}}, {"model": "contenttypes.contenttype", "pk": 16, "fields": {"app_label": "bankaccount", "model": "branch"}}, {"model": "contenttypes.contenttype", "pk": 17, "fields": {"app_label": "bankaccount", "model": "bankaccount"}}, {"model": "contenttypes.contenttype", "pk": 18, "fields": {"app_label": "category", "model": "userdefinecategory"}}, {"model": "contenttypes.contenttype", "pk": 19, "fields": {"app_label": "statistic", "model": "statistic"}}, {"model": "sessions.session", "pk": "6lz5vyjx3jayjvsrpfm09lwrvkcgqaon", "fields": {"session_data": ".eJxVjEEOwiAQRe_C2hCgEBiX7j0DYWZAqgaS0q6Md9cmXej2v_f-S8S0rTVuIy9xZnEWWpx-N0z0yG0HfE_t1iX1ti4zyl2RBx3y2jk_L4f7d1DTqN_aavTegrPBa_asDKqJTVGWJiqogQ0ZIMoIikIp2WBwThU36WABjBPvD9LPN3k:1s6HTd:uhAkMs2pS8wId0P_BETMbWqdL8MVWlREaz8R2LW4KrU", "expire_date": "2024-05-26T22:15:29.780Z"}}, {"model": "sessions.session", "pk": "act60s98g8ljtv1lpg5vwn8kn759pj94", "fields": {"session_data": ".eJxVjEEOwiAQRe_C2hCgEBiX7j0DYWZAqgaS0q6Md9cmXej2v_f-S8S0rTVuIy9xZnEWWpx-N0z0yG0HfE_t1iX1ti4zyl2RBx3y2jk_L4f7d1DTqN_aavTegrPBa_asDKqJTVGWJiqogQ0ZIMoIikIp2WBwThU36WABjBPvD9LPN3k:1s3gms:im63qrgJ8ztt9344ao-UDrdQPeA1g6Etlgq7IyE0Z0Q", "expire_date": "2024-05-19T18:40:38.683Z"}}, {"model": "token_blacklist.outstandingtoken", "pk": 65, "fields": {"user": 4, "jti": "d245a06d10ec4c6dbfdb0ec73cd40c42", "token": "eyJhbGciOiJIUzI1NiIsInR5cCI6IkpXVCJ9.eyJ0b2tlbl90eXBlIjoicmVmcmVzaCIsImV4cCI6MTcxNjM2NTYzMywiaWF0IjoxNzE2Mjc5MjMzLCJqdGkiOiJkMjQ1YTA2ZDEwZWM0YzZkYmZkYjBlYzczY2Q0MGM0MiIsInVzZXJfaWQiOiJzYWthcmlhZGV2QGdtYWlsLmNvbSJ9.v8t3UeHWzHyB01lkIMHekPhxqK1R91buIpZm3hjTEOQ", "created_at": "2024-05-21T08:13:53.781Z", "expires_at": "2024-05-22T08:13:53Z"}}, {"model": "token_blacklist.outstandingtoken", "pk": 66, "fields": {"user": 4, "jti": "a34559cd52254659b989a40d6345ee1e", "token": "eyJhbGciOiJIUzI1NiIsInR5cCI6IkpXVCJ9.eyJ0b2tlbl90eXBlIjoicmVmcmVzaCIsImV4cCI6MTcxNjM2NTcwMCwiaWF0IjoxNzE2Mjc5MzAwLCJqdGkiOiJhMzQ1NTljZDUyMjU0NjU5Yjk4OWE0MGQ2MzQ1ZWUxZSIsInVzZXJfaWQiOiJzYWthcmlhZGV2QGdtYWlsLmNvbSJ9.SgatfyZrDWjTwtpsdnsl7-Vvwl7iGN52gxUwFygC9hU", "created_at": "2024-05-21T08:15:00.501Z", "expires_at": "2024-05-22T08:15:00Z"}}, {"model": "token_blacklist.outstandingtoken", "pk": 67, "fields": {"user": 4, "jti": "a520160a34094578b3052522318d5434", "token": "eyJhbGciOiJIUzI1NiIsInR5cCI6IkpXVCJ9.eyJ0b2tlbl90eXBlIjoicmVmcmVzaCIsImV4cCI6MTcxNjQwNzA4MCwiaWF0IjoxNzE2MzIwNjgwLCJqdGkiOiJhNTIwMTYwYTM0MDk0NTc4YjMwNTI1MjIzMThkNTQzNCIsInVzZXJfaWQiOiJzYWthcmlhZGV2QGdtYWlsLmNvbSJ9.agtbJvnPLM325veurZBomGDOjbiud7kXcBJcNjvC4us", "created_at": "2024-05-21T19:44:40.505Z", "expires_at": "2024-05-22T19:44:40Z"}}, {"model": "token_blacklist.outstandingtoken", "pk": 68, "fields": {"user": 4, "jti": "06fffbeb58d5454ba9cf6e5bb04d8713", "token": "eyJhbGciOiJIUzI1NiIsInR5cCI6IkpXVCJ9.eyJ0b2tlbl90eXBlIjoicmVmcmVzaCIsImV4cCI6MTcxOTE3NTg1MSwiaWF0IjoxNzE2NDk3NDUxLCJqdGkiOiIwNmZmZmJlYjU4ZDU0NTRiYTljZjZlNWJiMDRkODcxMyIsInVzZXJfaWQiOiJzYWthcmlhZGV2QGdtYWlsLmNvbSJ9.kWZ7VOB7CDNssTndFKHHxsakrcVbAz2j12Yf34aDpVo", "created_at": "2024-05-23T20:50:51.230Z", "expires_at": "2024-06-23T20:50:51Z"}}, {"model": "token_blacklist.outstandingtoken", "pk": 69, "fields": {"user": 5, "jti": "676c028af34e4065ba525baba75c6481", "token": "eyJhbGciOiJIUzI1NiIsInR5cCI6IkpXVCJ9.eyJ0b2tlbl90eXBlIjoicmVmcmVzaCIsImV4cCI6MTcxOTE4NjA4MywiaWF0IjoxNzE2NTA3NjgzLCJqdGkiOiI2NzZjMDI4YWYzNGU0MDY1YmE1MjViYWJhNzVjNjQ4MSIsInVzZXJfaWQiOiJkZXZAZW1haWwuY29tIn0.LSpvMjhqNGQPxDcKvC22y9l_dD3Tfd_d30JptOJX4LU", "created_at": "2024-05-23T23:41:23.370Z", "expires_at": "2024-06-23T23:41:23Z"}}, {"model": "token_blacklist.outstandingtoken", "pk": 70, "fields": {"user": 5, "jti": "27bb219976814d9e962a8c78890fb699", "token": "eyJhbGciOiJIUzI1NiIsInR5cCI6IkpXVCJ9.eyJ0b2tlbl90eXBlIjoicmVmcmVzaCIsImV4cCI6MTcxOTE4NjY4MiwiaWF0IjoxNzE2NTA4MjgyLCJqdGkiOiIyN2JiMjE5OTc2ODE0ZDllOTYyYThjNzg4OTBmYjY5OSIsInVzZXJfaWQiOiJkZXZAZW1haWwuY29tIn0.0QQKi_ZdlzNj1IZ0p_5ZrR5nYgO0GPT3Un3D1QltLR4", "created_at": "2024-05-23T23:51:22.477Z", "expires_at": "2024-06-23T23:51:22Z"}}, {"model": "token_blacklist.outstandingtoken", "pk": 71, "fields": {"user": 5, "jti": "8b6b4dc587bd4410974b8d5b1623e803", "token": "eyJhbGciOiJIUzI1NiIsInR5cCI6IkpXVCJ9.eyJ0b2tlbl90eXBlIjoicmVmcmVzaCIsImV4cCI6MTcxOTE4NzE2MCwiaWF0IjoxNzE2NTA4NzYwLCJqdGkiOiI4YjZiNGRjNTg3YmQ0NDEwOTc0YjhkNWIxNjIzZTgwMyIsInVzZXJfaWQiOiJkZXZAZW1haWwuY29tIn0.qOkn9B861FqqQD_PTg80kIogwoVaznW45NJrRtwKnW4", "created_at": "2024-05-23T23:59:20.852Z", "expires_at": "2024-06-23T23:59:20Z"}}, {"model": "authentication.user", "pk": 1, "fields": {"password": "pbkdf2_sha256$720000$8AqCh5naPYTzqWC0ztQ5C5$LQJOocXxq7gyV3LMSPRqdpdiMvoLkpSPa7oTbcMe1Ck=", "last_login": "2024-05-23T23:40:34.757Z", "is_superuser": true, "first_name": "", "last_name": "", "is_staff": true, "is_active": true, "date_joined": "2024-05-05T18:40:14.414Z", "email": "snghivafe@gmail.com", "is_onboarded": false, "groups": [], "user_permissions": []}}, {"model": "authentication.user", "pk": 3, "fields": {"password": "pbkdf2_sha256$720000$z6fflc5PYFiVIWTsjyJ7UW$VFEPsiyhCPvrWqyFpvYWsFMBsHC5xrbQSG/saZ+wNdE=", "last_login": null, "is_superuser": false, "first_name": "Sakaria", "last_name": "Nghivafe", "is_staff": false, "is_active": true, "date_joined": "2024-05-05T22:02:36.841Z", "email": "sakariaspam@gmail.com", "is_onboarded": false, "groups": [], "user_permissions": []}}, {"model": "authentication.user", "pk": 4, "fields": {"password": "pbkdf2_sha256$720000$M7leSNNFnlivE81Myf9CrJ$tZr/4RnQJ43uewJ0ugM9gYdcpmo/rMb22AFTCIlLNas=", "last_login": null, "is_superuser": false, "first_name": "Sakaria", "last_name": "Prod", "is_staff": false, "is_active": true, "date_joined": "2024-05-06T08:51:28.100Z", "email": "sakariadev@gmail.com", "is_onboarded": false, "groups": [], "user_permissions": []}}, {"model": "authentication.user", "pk": 5, "fields": {"password": "pbkdf2_sha256$720000$eVmMLAN9ZbJ1qIpOgTBE8N$NRd7LqwSikO7sLP5nLeRFKMmn+dx7/mhlOLVnh8KU7o=", "last_login": null, "is_superuser": false, "first_name": "Dev", "last_name": "Email", "is_staff": false, "is_active": true, "date_joined": "2024-05-23T23:40:58.262Z", "email": "dev@email.com", "is_onboarded": false, "groups": [], "user_permissions": []}}, {"model": "plannedpayments.plannedpayment", "pk": 5, "fields": {"name": "Spotify", "amount": 60.0, "category": 4, "description": "", "is_recurring": true, "repeat_occurrence": 1, "repeat_schedule": "MONTH", "payment_date": "2024-06-02T12:20:02Z", "transaction_type": "EXPENSE", "user": 4}}, {"model": "plannedpayments.plannedpayment", "pk": 6, "fields": {"name": "Salary", "amount": 10000.0, "category": 4, "description": "", "is_recurring": true, "repeat_occurrence": 1, "repeat_schedule": "MONTH", "payment_date": "2024-07-01T12:29:52Z", "transaction_type": "INCOME", "user": 4}}, {"model": "plannedpayments.plannedpayment", "pk": 8, "fields": {"name": "Test Payment", "amount": 100.0, "category": 1, "description": "", "is_recurring": true, "repeat_occurrence": 1, "repeat_schedule": "MONTH", "payment_date": "2024-07-05T19:14:06Z", "transaction_type": "INCOME", "user": 4}}, {"model": "plannedpayments.plannedpayment", "pk": 9, "fields": {"name": "Nails", "amount": 800.0, "category": 4, "description": "I do nails", "is_recurring": false, "repeat_occurrence": 1, "repeat_schedule": "MONTH", "payment_date": "2024-05-21T20:59:25.431Z", "transaction_type": "INCOME", "user": null}}, {"model": "plannedpayments.plannedpayment", "pk": 10, "fields": {"name": "Refund", "amount": 400.0, "category": 6, "description": "Someone owes me money", "is_recurring": false, "repeat_occurrence": 1, "repeat_schedule": "MONTH", "payment_date": "2024-05-22T01:59:49Z", "transaction_type": "INCOME", "user": 4}}, {"model": "plannedpayments.plannedpayment", "pk": 12, "fields": {"name": "Nothing Here", "amount": 0.0, "category": 2, "description": "", "is_recurring": true, "repeat_occurrence": 1, "repeat_schedule": "YEAR", "payment_date": "2025-05-22T03:56:10.289Z", "transaction_type": "INCOME", "user": 4}}, {"model": "plannedpayments.plannedpayment", "pk": 15, "fields": {"name": "Lunch", "amount": 50.0, "category": 7, "description": "", "is_recurring": false, "repeat_occurrence": 1, "repeat_schedule": "MONTH", "payment_date": "2024-06-20T12:37:00Z", "transaction_type": "EXPENSE", "user": 4}}, {"model": "income.income", "pk": 1, "fields": {"name": "Monthly Income", "amount": 20000.0, "category": 1, "created_on": "2024-05-06T00:00:00Z", "description": "", "user": 3}}, {"model": "income.income", "pk": 2, "fields": {"name": "Pocket Money", "amount": 500.0, "category": 3, "created_on": "2024-05-06T00:00:00Z", "description": "", "user": 4}}, {"model": "income.income", "pk": 3, "fields": {"name": "Acting", "amount": 900.0, "category": 6, "created_on": "2024-05-15T00:00:00Z", "description": "This is good", "user": null}}, {"model": "income.income", "pk": 4, "fields": {"name": "Acting", "amount": 900.0, "category": 6, "created_on": "2024-05-15T00:00:00Z", "description": "This is good", "user": null}}, {"model": "income.income", "pk": 5, "fields": {"name": "Deliveries", "amount": 300.0, "category": 4, "created_on": "2024-05-15T00:00:00Z", "description": "This is good", "user": 4}}, {"model": "income.income", "pk": 6, "fields": {"name": "Salary", "amount": 10000.0, "category": 4, "created_on": "2024-05-21T19:47:59.314Z", "description": "", "user": 4}}, {"model": "income.income", "pk": 7, "fields": {"name": "Some Deliveries", "amount": 400.0, "category": 4, "created_on": "2024-05-22T01:54:30.062Z", "description": "", "user": 4}}, {"model": "income.income", "pk": 8, "fields": {"name": "Test Payment", "amount": 100.0, "category": 1, "created_on": "2024-05-22T02:02:00.391Z", "description": "", "user": 4}}, {"model": "income.income", "pk": 9, "fields": {"name": "Work now", "amount": 80.0, "category": 4, "created_on": "2024-05-22T12:32:21.881Z", "description": "", "user": 4}}, {"model": "income.income", "pk": 10, "fields": {"name": "Nothing Here", "amount": 0.0, "category": 2, "created_on": "2024-05-22T13:00:07.642Z", "description": "", "user": 4}}, {"model": "expense.expense", "pk": 1, "fields": {"name": "Yango", "amount": 50.0, "category": 2, "created_on": "2024-05-05T00:00:00Z", "description": "", "user": 3}}, {"model": "expense.expense", "pk": 2, "fields": {"name": "KFC", "amount": 205.0, "category": 1, "created_on": "2024-05-06T00:00:00Z", "description": "", "user": 4}}, {"model": "expense.expense", "pk": 3, "fields": {"name": "Postman", "amount": 200.0, "category": 5, "created_on": "2024-05-14T00:00:00Z", "description": null, "user": null}}, {"model": "expense.expense", "pk": 4, "fields": {"name": "Postman", "amount": 200.0, "category": 5, "created_on": "2024-05-14T00:00:00Z", "description": "", "user": 4}}, {"model": "expense.expense", "pk": 5, "fields": {"name": "Postman Again", "amount": 200.0, "category": 5, "created_on": "2024-05-14T00:00:00Z", "description": null, "user": null}}, {"model": "expense.expense", "pk": 6, "fields": {"name": "Postman Once More", "amount": 200.0, "category": 5, "created_on": "2024-05-14T00:00:00Z", "description": null, "user": null}}, {"model": "expense.expense", "pk": 7, "fields": {"name": "Postman Once More", "amount": 200.0, "category": 5, "created_on": "2024-05-14T00:00:00Z", "description": null, "user": null}}, {"model": "expense.expense", "pk": 8, "fields": {"name": "Postman Once More", "amount": 200.0, "category": 5, "created_on": "2024-05-14T00:00:00Z", "description": null, "user": null}}, {"model": "expense.expense", "pk": 9, "fields": {"name": "Postman Once More", "amount": 200.0, "category": 5, "created_on": "2024-05-14T00:00:00Z", "description": "", "user": 4}}, {"model": "expense.expense", "pk": 10, "fields": {"name": "Postman Once More", "amount": 200.0, "category": 5, "created_on": "2024-05-14T00:00:00Z", "description": null, "user": 4}}, {"model": "expense.expense", "pk": 11, "fields": {"name": "Checkers", "amount": 100.0, "category": 6, "created_on": "2024-05-15T00:00:00Z", "description": "", "user": null}}, {"model": "expense.expense", "pk": 12, "fields": {"name": "Rocomamas", "amount": 300.0, "category": 1, "created_on": "2024-05-15T00:00:00Z", "description": "This is good", "user": null}}, {"model": "expense.expense", "pk": 13, "fields": {"name": "Spur", "amount": 300.0, "category": 1, "created_on": "2024-05-15T00:00:00Z", "description": "This is good", "user": 4}}, {"model": "expense.expense", "pk": 14, "fields": {"name": "Spices", "amount": 100.0, "category": 7, "created_on": "2024-05-18T21:51:57.504Z", "description": "", "user": 4}}, {"model": "expense.expense", "pk": 15, "fields": {"name": "Chicken", "amount": 100.0, "category": 7, "created_on": "2024-05-18T23:17:38.464Z", "description": "I bought myself some chicken", "user": 4}}, {"model": "expense.expense", "pk": 16, "fields": {"name": "Bill", "amount": 200.0, "category": 4, "created_on": "2024-05-21T19:39:59.287Z", "description": "", "user": 4}}, {"model": "expense.expense", "pk": 20, "fields": {"name": "Spotify", "amount": 60.0, "category": 4, "created_on": "2024-05-21T19:50:39.782Z", "description": "", "user": 4}}, {"model": "expense.expense", "pk": 21, "fields": {"name": "Rent", "amount": 800.0, "category": 6, "created_on": "2024-05-21T20:54:22.935Z", "description": "", "user": 4}}, {"model": "expense.expense", "pk": 22, "fields": {"name": "Lunch", "amount": 30.0, "category": 1, "created_on": "2024-05-22T01:13:02.798Z", "description": "", "user": 4}}, {"model": "expense.expense", "pk": 23, "fields": {"name": "Some Snacks", "amount": 89.0, "category": 7, "created_on": "2024-05-22T01:47:14.216Z", "description": "", "user": 4}}, {"model": "expense.expense", "pk": 24, "fields": {"name": "Movies", "amount": 50.0, "category": 6, "created_on": "2024-05-22T01:50:31.163Z", "description": "", "user": 4}}, {"model": "expense.expense", "pk": 25, "fields": {"name": "Nothing", "amount": 0.0, "category": 6, "created_on": "2024-05-22T04:17:08.730Z", "description": "", "user": 4}}, {"model": "expense.expense", "pk": 26, "fields": {"name": "Budget Expense", "amount": 40.0, "category": 6, "created_on": "2024-05-22T04:32:37.803Z", "description": "", "user": 4}}, {"model": "expense.expense", "pk": 27, "fields": {"name": "Budget Expense", "amount": 40.0, "category": 6, "created_on": "2024-05-22T04:33:44.433Z", "description": "", "user": 4}}, {"model": "expense.expense", "pk": 28, "fields": {"name": "Budget Expense", "amount": 40.0, "category": 6, "created_on": "2024-05-22T04:34:18.109Z", "description": "", "user": 4}}, {"model": "expense.expense", "pk": 29, "fields": {"name": "Budget Expense", "amount": 40.0, "category": 6, "created_on": "2024-05-22T04:34:44.091Z", "description": "", "user": 4}}, {"model": "expense.expense", "pk": 30, "fields": {"name": "Budget Expense", "amount": 40.0, "category": 6, "created_on": "2024-05-22T04:35:20.144Z", "description": "", "user": 4}}, {"model": "expense.expense", "pk": 31, "fields": {"name": "Budget Expense", "amount": 40.0, "category": 6, "created_on": "2024-05-22T04:35:41.621Z", "description": "", "user": 4}}, {"model": "expense.expense", "pk": 32, "fields": {"name": "Budget Expense", "amount": 40.0, "category": 6, "created_on": "2024-05-22T04:36:28.773Z", "description": "", "user": 4}}, {"model": "expense.expense", "pk": 33, "fields": {"name": "Budget Expense", "amount": 40.0, "category": 6, "created_on": "2024-05-22T04:38:49.575Z", "description": "", "user": 4}}, {"model": "expense.expense", "pk": 34, "fields": {"name": "Gaming", "amount": 90.0, "category": 6, "created_on": "2024-05-22T04:42:19.222Z", "description": "", "user": 4}}, {"model": "expense.expense", "pk": 35, "fields": {"name": "Gaming", "amount": 90.0, "category": 6, "created_on": "2024-05-22T04:44:04.887Z", "description": "", "user": 4}}, {"model": "expense.expense", "pk": 36, "fields": {"name": "Gaming", "amount": 90.0, "category": 6, "created_on": "2024-05-22T04:44:57.934Z", "description": "", "user": 4}}, {"model": "expense.expense", "pk": 37, "fields": {"name": "A working expense", "amount": 40.0, "category": 6, "created_on": "2024-05-22T11:17:10.632Z", "description": "This is nice", "user": 4}}, {"model": "expense.expense", "pk": 38, "fields": {"name": "Nothing Here", "amount": 0.0, "category": 6, "created_on": "2024-05-22T12:33:20.191Z", "description": "", "user": 4}}, {"model": "expense.expense", "pk": 39, "fields": {"name": "Rent", "amount": 700.0, "category": 4, "created_on": "2024-05-22T12:48:41.903Z", "description": "", "user": 4}}, {"model": "expense.expense", "pk": 40, "fields": {"name": "For the 30th", "amount": 50.0, "category": 6, "created_on": "2024-05-22T12:54:48.067Z", "description": "", "user": 4}}, {"model": "expense.expense", "pk": 41, "fields": {"name": "Problem?", "amount": 40.0, "category": 7, "created_on": "2024-05-23T23:00:31.294Z", "description": "", "user": 4}}, {"model": "category.category", "pk": 1, "fields": {"name": "Food and Drinks", "icon_name": "food"}}, {"model": "category.category", "pk": 2, "fields": {"name": "Transport", "icon_name": "carSportOutline"}}, {"model": "category.category", "pk": 3, "fields": {"name": "Gift", "icon_name": "allowance"}}, {"model": "category.category", "pk": 4, "fields": {"name": "Bills and Subscriptions", "icon_name": "bills"}}, {"model": "category.category", "pk": 5, "fields": {"name": "Miscellaneous", "icon_name": "miscellaneous"}}, {"model": "category.category", "pk": 6, "fields": {"name": "Entertainment", "icon_name": "camera"}}, {"model": "category.category", "pk": 7, "fields": {"name": "Groceries", "icon_name": "bag"}}, {"model": "statistic.statistic", "pk": 1, "fields": {"time": "19:11:14", "day": 5, "week": 21, "month": 4, "year": 2024, "amount": 100.0, "type": "INCOME", "user": 4}}, {"model": "statistic.statistic", "pk": 2, "fields": {"time": "19:56:52", "day": 1, "week": 21, "month": 4, "year": 2024, "amount": 500.0, "type": "INCOME", "user": 4}}, {"model": "statistic.statistic", "pk": 3, "fields": {"time": "19:57:08", "day": 2, "week": 21, "month": 4, "year": 2024, "amount": 150.0, "type": "TRANSFER", "user": 4}}, {"model": "statistic.statistic", "pk": 4, "fields": {"time": "20:03:20", "day": 3, "week": 21, "month": 4, "year": 2024, "amount": 289.0, "type": "EXPENSE", "user": 4}}, {"model": "statistic.statistic", "pk": 5, "fields": {"time": "20:03:37", "day": 4, "week": 21, "month": 4, "year": 2024, "amount": 800.0, "type": "EXPENSE", "user": 4}}, {"model": "statistic.statistic", "pk": 6, "fields": {"time": "20:05:37", "day": 6, "week": 21, "month": 4, "year": 2024, "amount": 123.0, "type": "EXPENSE", "user": 4}}, {"model": "statistic.statistic", "pk": 7, "fields": {"time": "20:05:59", "day": 7, "week": 21, "month": 4, "year": 2024, "amount": 397.0, "type": "TRANSFER", "user": 4}}, {"model": "statistic.statistic", "pk": 8, "fields": {"time": "17:39:10", "day": 5, "week": 21, "month": 4, "year": 2024, "amount": 340.0, "type": "INCOME", "user": 4}}, {"model": "statistic.statistic", "pk": 9, "fields": {"time": "17:39:35", "day": 5, "week": 21, "month": 4, "year": 2024, "amount": 600.0, "type": "INCOME", "user": 4}}, {"model": "statistic.statistic", "pk": 10, "fields": {"time": "17:42:26", "day": 3, "week": 21, "month": 4, "year": 2024, "amount": 689.0, "type": "EXPENSE", "user": 4}}, {"model": "statistic.statistic", "pk": 11, "fields": {"time": "11:22:12", "day": 1, "week": 21, "month": 4, "year": 2024, "amount": 898.0, "type": "INCOME", "user": 4}}, {"model": "statistic.statistic", "pk": 12, "fields": {"time": "11:23:20", "day": 1, "week": 21, "month": 4, "year": 2024, "amount": 2387.0, "type": "INCOME", "user": 4}}, {"model": "statistic.statistic", "pk": 13, "fields": {"time": "11:23:42", "day": 1, "week": 21, "month": 4, "year": 2024, "amount": 234.0, "type": "EXPENSE", "user": 4}}, {"model": "statistic.statistic", "pk": 14, "fields": {"time": "11:37:15", "day": 1, "week": 21, "month": 4, "year": 2024, "amount": 2455.0, "type": "EXPENSE", "user": 4}}, {"model": "statistic.statistic", "pk": 15, "fields": {"time": "13:11:18", "day": 3, "week": 5, "month": 4, "year": 2024, "amount": 379.0, "type": "EXPENSE", "user": 4}}, {"model": "statistic.statistic", "pk": 16, "fields": {"time": "13:15:43", "day": 5, "week": 21, "month": 5, "year": 2024, "amount": 202.0, "type": "INCOME", "user": 4}}, {"model": "statistic.statistic", "pk": 17, "fields": {"time": "13:15:59", "day": 18, "week": 21, "month": 4, "year": 2024, "amount": 455.0, "type": "INCOME", "user": 4}}, {"model": "statistic.statistic", "pk": 18, "fields": {"time": "13:16:18", "day": 19, "week": 21, "month": 4, "year": 2024, "amount": 3213.0, "type": "INCOME", "user": 4}}, {"model": "statistic.statistic", "pk": 19, "fields": {"time": "13:17:16", "day": 21, "week": 21, "month": 4, "year": 2024, "amount": 3345.0, "type": "INCOME", "user": 4}}, {"model": "statistic.statistic", "pk": 20, "fields": {"time": "13:17:50", "day": 21, "week": 21, "month": 4, "year": 2024, "amount": 245.0, "type": "EXPENSE", "user": 4}}, {"model": "statistic.statistic", "pk": 21, "fields": {"time": "20:28:53", "day": 21, "week": 21, "month": 4, "year": 2024, "amount": 780.0, "type": "EXPENSE", "user": 4}}, {"model": "statistic.statistic", "pk": 22, "fields": {"time": "20:29:37", "day": 21, "week": 21, "month": 4, "year": 2024, "amount": 567.0, "type": "EXPENSE", "user": 4}}, {"model": "statistic.statistic", "pk": 23, "fields": {"time": "20:30:27", "day": 21, "week": 21, "month": 4, "year": 2024, "amount": 456.0, "type": "INCOME", "user": 4}}, {"model": "statistic.statistic", "pk": 24, "fields": {"time": "03:54:29", "day": 22, "week": 2024, "month": 4, "year": 2024, "amount": 400.0, "type": "INCOME", "user": null}}, {"model": "statistic.statistic", "pk": 25, "fields": {"time": "06:17:08", "day": 22, "week": 2024, "month": 4, "year": 2024, "amount": 0.0, "type": "EXPENSE", "user": null}}, {"model": "statistic.statistic", "pk": 26, "fields": {"time": "06:32:37", "day": 22, "week": 2024, "month": 4, "year": 2024, "amount": 40.0, "type": "EXPENSE", "user": null}}, {"model": "statistic.statistic", "pk": 27, "fields": {"time": "06:33:44", "day": 22, "week": 2024, "month": 4, "year": 2024, "amount": 40.0, "type": "EXPENSE", "user": null}}, {"model": "statistic.statistic", "pk": 28, "fields": {"time": "06:34:17", "day": 22, "week": 2024, "month": 4, "year": 2024, "amount": 40.0, "type": "EXPENSE", "user": null}}, {"model": "statistic.statistic", "pk": 29, "fields": {"time": "06:34:43", "day": 22, "week": 2024, "month": 4, "year": 2024, "amount": 40.0, "type": "EXPENSE", "user": null}}, {"model": "statistic.statistic", "pk": 30, "fields": {"time": "06:35:20", "day": 22, "week": 2024, "month": 4, "year": 2024, "amount": 40.0, "type": "EXPENSE", "user": null}}, {"model": "statistic.statistic", "pk": 31, "fields": {"time": "06:35:41", "day": 22, "week": 2024, "month": 4, "year": 2024, "amount": 40.0, "type": "EXPENSE", "user": null}}, {"model": "statistic.statistic", "pk": 32, "fields": {"time": "06:36:28", "day": 22, "week": 2024, "month": 4, "year": 2024, "amount": 40.0, "type": "EXPENSE", "user": null}}, {"model": "statistic.statistic", "pk": 33, "fields": {"time": "06:38:49", "day": 22, "week": 2024, "month": 4, "year": 2024, "amount": 40.0, "type": "EXPENSE", "user": null}}, {"model": "statistic.statistic", "pk": 34, "fields": {"time": "06:42:19", "day": 22, "week": 2024, "month": 4, "year": 2024, "amount": 90.0, "type": "EXPENSE", "user": null}}, {"model": "statistic.statistic", "pk": 35, "fields": {"time": "06:44:04", "day": 22, "week": 2024, "month": 4, "year": 2024, "amount": 90.0, "type": "EXPENSE", "user": null}}, {"model": "statistic.statistic", "pk": 36, "fields": {"time": "06:44:57", "day": 22, "week": 2024, "month": 4, "year": 2024, "amount": 90.0, "type": "EXPENSE", "user": null}}, {"model": "statistic.statistic", "pk": 37, "fields": {"time": "13:17:10", "day": 22, "week": 2024, "month": 4, "year": 2024, "amount": 40.0, "type": "EXPENSE", "user": null}}, {"model": "statistic.statistic", "pk": 38, "fields": {"time": "14:48:41", "day": 22, "week": 2024, "month": 4, "year": 2024, "amount": 700.0, "type": "EXPENSE", "user": null}}, {"model": "statistic.statistic", "pk": 39, "fields": {"time": "14:54:47", "day": 22, "week": 2024, "month": 4, "year": 2024, "amount": 50.0, "type": "EXPENSE", "user": null}}, {"model": "statistic.statistic", "pk": 40, "fields": {"time": "15:00:07", "day": 22, "week": 2024, "month": 4, "year": 2024, "amount": 0.0, "type": "INCOME", "user": null}}, {"model": "statistic.statistic", "pk": 41, "fields": {"time": "01:00:30", "day": 24, "week": 2024, "month": 4, "year": 2024, "amount": 40.0, "type": "EXPENSE", "user": null}}, {"model": "wallet.wallet", "pk": 20295783, "fields": {"name": "Another Wallet", "balance": 530.0, "user": 4, "is_default": false}}, {"model": "wallet.wallet", "pk": 23456789, "fields": {"name": "Main Wallet", "balance": 5000.0, "user": 3, "is_default": true}}, {"model": "wallet.wallet", "pk": 35867672, "fields": {"name": "Jet", "balance": 0.0, "user": null, "is_default": false}}, {"model": "wallet.wallet", "pk": 45678908, "fields": {"name": "Fun Wallet", "balance": 0.0, "user": 3, "is_default": false}}, {"model": "wallet.wallet", "pk": 50698088, "fields": {"name": "This is correct", "balance": 0.0, "user": 4, "is_default": false}}, {"model": "wallet.wallet", "pk": 51566029, "fields": {"name": "Blue Wallet", "balance": 0.0, "user": null, "is_default": false}}, {"model": "wallet.wallet", "pk": 53552079, "fields": {"name": "Pink Wallet", "balance": 0.0, "user": null, "is_default": false}}, {"model": "wallet.wallet", "pk": 55377589, "fields": {"name": "Blue Wallet", "balance": 0.0, "user": null, "is_default": false}}, {"model": "wallet.wallet", "pk": 70311038, "fields": {"name": "Green Wallet", "balance": 0.0, "user": null, "is_default": false}}, {"model": "wallet.wallet", "pk": 78940532, "fields": {"name": "Main Wallet", "balance": 1670.0, "user": 4, "is_default": true}}, {"model": "wallet.wallet", "pk": 80883264, "fields": {"name": "Jet", "balance": 0.0, "user": null, "is_default": false}}, {"model": "budget.budget", "pk": 1, "fields": {"name": "Car Payment", "total_amount": 1050.0, "current_expenditure": 100.0, "categories": 2, "wallet": 23456789, "month": 5, "year": 2024, "user": 4}}, {"model": "budget.budget", "pk": 8, "fields": {"name": "General Entertainment", "total_amount": 1000.0, "current_expenditure": 390.0, "categories": 6, "wallet": 20295783, "month": 5, "year": 2024, "user": 4}}, {"model": "budget.budget", "pk": 14, "fields": {"name": "Bills and The Like", "total_amount": 5000.0, "current_expenditure": 700.0, "categories": 4, "wallet": 78940532, "month": 4, "year": 2024, "user": 4}}, {"model": "budget.budget", "pk": 16, "fields": {"name": "Production", "total_amount": 450.0, "current_expenditure": 40.0, "categories": 7, "wallet": 78940532, "month": 4, "year": 2024, "user": 4}}, {"model": "budget.budget", "pk": 17, "fields": {"name": "Prod", "total_amount": 600.0, "current_expenditure": 0.0, "categories": 4, "wallet": 78940532, "month": 4, "year": 2024, "user": 4}}, {"model": "budget.budget", "pk": 19, "fields": {"name": "Yeah", "total_amount": 340.0, "current_expenditure": 0.0, "categories": 2, "wallet": 78940532, "month": 4, "year": 2024, "user": 4}}, {"model": "transaction.transaction", "pk": 1, "fields": {"type": "INCOME", "income": 1, "expense": 1, "user": 3, "name": ""}}, {"model": "transaction.transaction", "pk": 3, "fields": {"type": "EXPENSE", "income": null, "expense": 1, "user": 3, "name": ""}}, {"model": "transaction.transaction", "pk": 4, "fields": {"type": "EXPENSE", "income": null, "expense": 2, "user": 4, "name": ""}}, {"model": "transaction.transaction", "pk": 5, "fields": {"type": "TRANSFER", "income": null, "expense": null, "user": 4, "name": "First Transaction"}}, {"model": "transaction.transaction", "pk": 6, "fields": {"type": "TRANSFER", "income": null, "expense": null, "user": 4, "name": "First Transaction"}}, {"model": "transaction.transaction", "pk": 8, "fields": {"type": "TRANSFER", "income": null, "expense": null, "user": 4, "name": "Some Transfer"}}, {"model": "transaction.transaction", "pk": 13, "fields": {"type": "INCOME", "income": 4, "expense": null, "user": null, "name": ""}}, {"model": "transaction.transaction", "pk": 14, "fields": {"type": "EXPENSE", "income": null, "expense": 12, "user": null, "name": ""}}, {"model": "transaction.transaction", "pk": 15, "fields": {"type": "EXPENSE", "income": null, "expense": 13, "user": 4, "name": ""}}, {"model": "transaction.transaction", "pk": 16, "fields": {"type": "INCOME", "income": 5, "expense": null, "user": 4, "name": ""}}, {"model": "transaction.transaction", "pk": 17, "fields": {"type": "EXPENSE", "income": null, "expense": 14, "user": 4, "name": ""}}, {"model": "transaction.transaction", "pk": 18, "fields": {"type": "EXPENSE", "income": null, "expense": 15, "user": 4, "name": ""}}, {"model": "transaction.transaction", "pk": 19, "fields": {"type": "EXPENSE", "income": null, "expense": 16, "user": 4, "name": ""}}, {"model": "transaction.transaction", "pk": 23, "fields": {"type": "INCOME", "income": 6, "expense": null, "user": 4, "name": ""}}, {"model": "transaction.transaction", "pk": 24, "fields": {"type": "EXPENSE", "income": null, "expense": 20, "user": 4, "name": ""}}, {"model": "transaction.transaction", "pk": 25, "fields": {"type": "EXPENSE", "income": null, "expense": 21, "user": 4, "name": ""}}, {"model": "transaction.transaction", "pk": 26, "fields": {"type": "EXPENSE", "income": null, "expense": 22, "user": 4, "name": null}}, {"model": "transaction.transaction", "pk": 27, "fields": {"type": "EXPENSE", "income": null, "expense": 23, "user": 4, "name": ""}}, {"model": "transaction.transaction", "pk": 28, "fields": {"type": "EXPENSE", "income": null, "expense": 24, "user": 4, "name": ""}}, {"model": "transaction.transaction", "pk": 29, "fields": {"type": "INCOME", "income": 7, "expense": null, "user": 4, "name": ""}}, {"model": "transaction.transaction", "pk": 30, "fields": {"type": "INCOME", "income": 8, "expense": null, "user": 4, "name": ""}}, {"model": "transaction.transaction", "pk": 31, "fields": {"type": "EXPENSE", "income": null, "expense": 25, "user": 4, "name": ""}}, {"model": "transaction.transaction", "pk": 32, "fields": {"type": "EXPENSE", "income": null, "expense": 26, "user": 4, "name": ""}}, {"model": "transaction.transaction", "pk": 33, "fields": {"type": "EXPENSE", "income": null, "expense": 27, "user": 4, "name": ""}}, {"model": "transaction.transaction", "pk": 34, "fields": {"type": "EXPENSE", "income": null, "expense": 28, "user": 4, "name": ""}}, {"model": "transaction.transaction", "pk": 35, "fields": {"type": "EXPENSE", "income": null, "expense": 29, "user": 4, "name": ""}}, {"model": "transaction.transaction", "pk": 36, "fields": {"type": "EXPENSE", "income": null, "expense": 30, "user": 4, "name": ""}}, {"model": "transaction.transaction", "pk": 37, "fields": {"type": "EXPENSE", "income": null, "expense": 31, "user": 4, "name": ""}}, {"model": "transaction.transaction", "pk": 38, "fields": {"type": "EXPENSE", "income": null, "expense": 32, "user": 4, "name": ""}}, {"model": "transaction.transaction", "pk": 39, "fields": {"type": "EXPENSE", "income": null, "expense": 33, "user": 4, "name": ""}}, {"model": "transaction.transaction", "pk": 40, "fields": {"type": "EXPENSE", "income": null, "expense": 34, "user": 4, "name": ""}}, {"model": "transaction.transaction", "pk": 41, "fields": {"type": "EXPENSE", "income": null, "expense": 35, "user": 4, "name": ""}}, {"model": "transaction.transaction", "pk": 42, "fields": {"type": "EXPENSE", "income": null, "expense": 36, "user": 4, "name": ""}}, {"model": "transaction.transaction", "pk": 43, "fields": {"type": "EXPENSE", "income": null, "expense": 37, "user": 4, "name": ""}}, {"model": "transaction.transaction", "pk": 44, "fields": {"type": "INCOME", "income": 9, "expense": null, "user": 4, "name": ""}}, {"model": "transaction.transaction", "pk": 45, "fields": {"type": "EXPENSE", "income": null, "expense": 38, "user": 4, "name": ""}}, {"model": "transaction.transaction", "pk": 46, "fields": {"type": "EXPENSE", "income": null, "expense": 39, "user": 4, "name": ""}}, {"model": "transaction.transaction", "pk": 47, "fields": {"type": "EXPENSE", "income": null, "expense": 40, "user": 4, "name": ""}}, {"model": "transaction.transaction", "pk": 48, "fields": {"type": "INCOME", "income": 10, "expense": null, "user": 4, "name": ""}}, {"model": "transaction.transaction", "pk": 49, "fields": {"type": "EXPENSE", "income": null, "expense": 41, "user": 4, "name": ""}}, {"model": "bankaccount.branch", "pk": 45679278, "fields": {"name": "Main Branch"}}, {"model": "bankaccount.bankaccount", "pk": 23451234, "fields": {"account_name": "LifeStart Account", "type": "CHEQUE", "balance": 23456789.0, "date_opened": "2024-05-05", "date_closed": null, "account_status": "OPEN", "branch": 45679278, "user": 3}}, {"model": "bankaccount.bankaccount", "pk": 67536279, "fields": {"account_name": "LifeStart Account", "type": "CHEQUE", "balance": 2030.0, "date_opened": "2024-05-13", "date_closed": null, "account_status": "OPEN", "branch": 45679278, "user": 4}}]